[
null,
{"id":1,"expanded":true,"name":"Mountain Village","order":1,"parentId":0,"scrollX":978.8571428571428,"scrollY":1408.2857142857142},
{"id":2,"expanded":true,"name":"Mountain Village","order":2,"parentId":1,"scrollX":1277.142857142857,"scrollY":1074},
{"id":3,"expanded":true,"name":"Village House 1F","order":4,"parentId":1,"scrollX":992.5714285714286,"scrollY":690},
{"id":4,"expanded":false,"name":"MAP004","order":3,"parentId":2,"scrollX":978.8571428571428,"scrollY":1182},
{"id":5,"expanded":true,"name":"Forest","order":5,"parentId":3,"scrollX":978.8571428571428,"scrollY":750},
{"id":6,"expanded":false,"name":"Normal Town","order":6,"parentId":5,"scrollX":978.8571428571428,"scrollY":1074}
]